{"stat.mineBlock.1":11,"achievement.openInventory":17,"stat.damageDealt":6035,"achievement.exploreAllBiomes":{"value":0,"progress":["Forest","Plains","Roofed Forest","River","ForestHills"]},"stat.mineBlock.31":4,"stat.useItem.50":37,"stat.killEntity.Cow":12,"stat.drop":2,"stat.flyOneCm":42548,"stat.killEntity.Creeper":2,"achievement.mineWood":11,"stat.mineBlock.17":11,"stat.mineBlock.13":1,"stat.playOneMinute":23018,"stat.killEntity.Spider":3,"stat.killEntity.Pig":2,"stat.mineBlock.18":3,"stat.mineBlock.3":27,"stat.walkOneCm":140563,"stat.jump":55,"stat.killEntity.Zombie":1,"stat.mobKills":25,"stat.killEntity.Skeleton":5}